id;name;email;address;phone
1;Assistant;Manuela_Franco@gmail.com;bordô Investment Security;(83) 3732-6801
2;Principal Futuna;Liz_Macedo4@hotmail.com;Roraima Chade Extended;(67) 91917-4928
3;partnerships Uzbekistan intelligence;Bencio.Souza@live.com;Marginal Specialist;(23) 8586-0772
4;Compatible Pequeno;Clia61@live.com;synthesize Lilangeni initiatives;(91) 7368-6901
5;RSS COM;Joaquim_Carvalho86@live.com;Ergonômico Re-engineered;(81) 5154-5151
6;Robust connect Turismo;Rafaela_Oliveira@yahoo.com;Genérico Architect;+55 (91) 5820-1449
7;Salsicha;Joo_Moreira@gmail.com;Virtual channels invoice;+55 (18) 5242-8296
8;Aço real-time;Matheus92@gmail.com;Concreto wireless;(06) 92528-9546
9;Cambridgeshire SMTP Refinado;Isabelly.Martins@hotmail.com;Chief system-worthy;(95) 14750-8537
10;embrace;Felcia_Costa44@bol.com.br;monitor digital Strategist;(47) 0878-0113
